PassengerId,Survived,Pclass,SibSp,Parch,Fare,Gender,EmbarkedInt,AgeFill,AgeIsNull,FamilySize
1,0,3,1,0,7.25,1,0.0,22.0,0,1
2,1,1,1,0,71.2833,0,1.0,38.0,0,1
3,1,3,0,0,7.925,0,0.0,26.0,0,0
4,1,1,1,0,53.1,0,0.0,35.0,0,1
5,0,3,0,0,8.05,1,0.0,35.0,0,0
6,0,3,0,0,8.4583,1,2.0,25.0,1,0
7,0,1,0,0,51.8625,1,0.0,54.0,0,0
8,0,3,3,1,21.075,1,0.0,2.0,0,4
9,1,3,0,2,11.1333,0,0.0,27.0,0,2
10,1,2,1,0,30.0708,0,1.0,14.0,0,1
11,1,3,1,1,16.7,0,0.0,4.0,0,2
12,1,1,0,0,26.55,0,0.0,58.0,0,0
13,0,3,0,0,8.05,1,0.0,20.0,0,0
14,0,3,1,5,31.275,1,0.0,39.0,0,6
15,0,3,0,0,7.8542,0,0.0,14.0,0,0
16,1,2,0,0,16.0,0,0.0,55.0,0,0
17,0,3,4,1,29.125,1,2.0,2.0,0,5
18,1,2,0,0,13.0,1,0.0,30.0,1,0
19,0,3,1,0,18.0,0,0.0,31.0,0,1
20,1,3,0,0,7.225,0,1.0,21.5,1,0
21,0,2,0,0,26.0,1,0.0,35.0,0,0
22,1,2,0,0,13.0,1,0.0,34.0,0,0
23,1,3,0,0,8.0292,0,2.0,15.0,0,0
24,1,1,0,0,35.5,1,0.0,28.0,0,0
25,0,3,3,1,21.075,0,0.0,8.0,0,4
26,1,3,1,5,31.3875,0,0.0,38.0,0,6
27,0,3,0,0,7.225,1,1.0,25.0,1,0
28,0,1,3,2,263.0,1,0.0,19.0,0,5
29,1,3,0,0,7.8792,0,2.0,21.5,1,0
30,0,3,0,0,7.8958,1,0.0,25.0,1,0
31,0,1,0,0,27.7208,1,1.0,40.0,0,0
32,1,1,1,0,146.5208,0,1.0,35.0,1,1
33,1,3,0,0,7.75,0,2.0,21.5,1,0
34,0,2,0,0,10.5,1,0.0,66.0,0,0
35,0,1,1,0,82.1708,1,1.0,28.0,0,1
36,0,1,1,0,52.0,1,0.0,42.0,0,1
37,1,3,0,0,7.2292,1,1.0,25.0,1,0
38,0,3,0,0,8.05,1,0.0,21.0,0,0
39,0,3,2,0,18.0,0,0.0,18.0,0,2
40,1,3,1,0,11.2417,0,1.0,14.0,0,1
41,0,3,1,0,9.475,0,0.0,40.0,0,1
42,0,2,1,0,21.0,0,0.0,27.0,0,1
43,0,3,0,0,7.8958,1,1.0,25.0,1,0
44,1,2,1,2,41.5792,0,1.0,3.0,0,3
45,1,3,0,0,7.8792,0,2.0,19.0,0,0
46,0,3,0,0,8.05,1,0.0,25.0,1,0
47,0,3,1,0,15.5,1,2.0,25.0,1,1
48,1,3,0,0,7.75,0,2.0,21.5,1,0
49,0,3,2,0,21.6792,1,1.0,25.0,1,2
50,0,3,1,0,17.8,0,0.0,18.0,0,1
51,0,3,4,1,39.6875,1,0.0,7.0,0,5
52,0,3,0,0,7.8,1,0.0,21.0,0,0
53,1,1,1,0,76.7292,0,1.0,49.0,0,1
54,1,2,1,0,26.0,0,0.0,29.0,0,1
55,0,1,0,1,61.9792,1,1.0,65.0,0,1
56,1,1,0,0,35.5,1,0.0,40.0,1,0
57,1,2,0,0,10.5,0,0.0,21.0,0,0
58,0,3,0,0,7.2292,1,1.0,28.5,0,0
59,1,2,1,2,27.75,0,0.0,5.0,0,3
60,0,3,5,2,46.9,1,0.0,11.0,0,7
61,0,3,0,0,7.2292,1,1.0,22.0,0,0
63,0,1,1,0,83.475,1,0.0,45.0,0,1
64,0,3,3,2,27.9,1,0.0,4.0,0,5
65,0,1,0,0,27.7208,1,1.0,40.0,1,0
66,1,3,1,1,15.2458,1,1.0,25.0,1,2
67,1,2,0,0,10.5,0,0.0,29.0,0,0
68,0,3,0,0,8.1583,1,0.0,19.0,0,0
69,1,3,4,2,7.925,0,0.0,17.0,0,6
70,0,3,2,0,8.6625,1,0.0,26.0,0,2
71,0,2,0,0,10.5,1,0.0,32.0,0,0
72,0,3,5,2,46.9,0,0.0,16.0,0,7
73,0,2,0,0,73.5,1,0.0,21.0,0,0
74,0,3,1,0,14.4542,1,1.0,26.0,0,1
75,1,3,0,0,56.4958,1,0.0,32.0,0,0
76,0,3,0,0,7.65,1,0.0,25.0,0,0
77,0,3,0,0,7.8958,1,0.0,25.0,1,0
78,0,3,0,0,8.05,1,0.0,25.0,1,0
79,1,2,0,2,29.0,1,0.0,0.83,0,2
80,1,3,0,0,12.475,0,0.0,30.0,0,0
81,0,3,0,0,9.0,1,0.0,22.0,0,0
82,1,3,0,0,9.5,1,0.0,29.0,0,0
83,1,3,0,0,7.7875,0,2.0,21.5,1,0
84,0,1,0,0,47.1,1,0.0,28.0,0,0
85,1,2,0,0,10.5,0,0.0,17.0,0,0
86,1,3,3,0,15.85,0,0.0,33.0,0,3
87,0,3,1,3,34.375,1,0.0,16.0,0,4
88,0,3,0,0,8.05,1,0.0,25.0,1,0
89,1,1,3,2,263.0,0,0.0,23.0,0,5
90,0,3,0,0,8.05,1,0.0,24.0,0,0
91,0,3,0,0,8.05,1,0.0,29.0,0,0
92,0,3,0,0,7.8542,1,0.0,20.0,0,0
93,0,1,1,0,61.175,1,0.0,46.0,0,1
94,0,3,1,2,20.575,1,0.0,26.0,0,3
95,0,3,0,0,7.25,1,0.0,59.0,0,0
96,0,3,0,0,8.05,1,0.0,25.0,1,0
97,0,1,0,0,34.6542,1,1.0,71.0,0,0
98,1,1,0,1,63.3583,1,1.0,23.0,0,1
99,1,2,0,1,23.0,0,0.0,34.0,0,1
100,0,2,1,0,26.0,1,0.0,34.0,0,1
101,0,3,0,0,7.8958,0,0.0,28.0,0,0
102,0,3,0,0,7.8958,1,0.0,25.0,1,0
103,0,1,0,1,77.2875,1,0.0,21.0,0,1
104,0,3,0,0,8.6542,1,0.0,33.0,0,0
105,0,3,2,0,7.925,1,0.0,37.0,0,2
106,0,3,0,0,7.8958,1,0.0,28.0,0,0
107,1,3,0,0,7.65,0,0.0,21.0,0,0
108,1,3,0,0,7.775,1,0.0,25.0,1,0
109,0,3,0,0,7.8958,1,0.0,38.0,0,0
110,1,3,1,0,24.15,0,2.0,21.5,1,1
111,0,1,0,0,52.0,1,0.0,47.0,0,0
112,0,3,1,0,14.4542,0,1.0,14.5,0,1
113,0,3,0,0,8.05,1,0.0,22.0,0,0
114,0,3,1,0,9.825,0,0.0,20.0,0,1
115,0,3,0,0,14.4583,0,1.0,17.0,0,0
116,0,3,0,0,7.925,1,0.0,21.0,0,0
117,0,3,0,0,7.75,1,2.0,70.5,0,0
118,0,2,1,0,21.0,1,0.0,29.0,0,1
119,0,1,0,1,247.5208,1,1.0,24.0,0,1
120,0,3,4,2,31.275,0,0.0,2.0,0,6
121,0,2,2,0,73.5,1,0.0,21.0,0,2
122,0,3,0,0,8.05,1,0.0,25.0,1,0
123,0,2,1,0,30.0708,1,1.0,32.5,0,1
124,1,2,0,0,13.0,0,0.0,32.5,0,0
125,0,1,0,1,77.2875,1,0.0,54.0,0,1
126,1,3,1,0,11.2417,1,1.0,12.0,0,1
127,0,3,0,0,7.75,1,2.0,25.0,1,0
128,1,3,0,0,7.1417,1,0.0,24.0,0,0
129,1,3,1,1,22.3583,0,1.0,21.5,1,2
130,0,3,0,0,6.975,1,0.0,45.0,0,0
131,0,3,0,0,7.8958,1,1.0,33.0,0,0
132,0,3,0,0,7.05,1,0.0,20.0,0,0
133,0,3,1,0,14.5,0,0.0,47.0,0,1
134,1,2,1,0,26.0,0,0.0,29.0,0,1
135,0,2,0,0,13.0,1,0.0,25.0,0,0
136,0,2,0,0,15.0458,1,1.0,23.0,0,0
137,1,1,0,2,26.2833,0,0.0,19.0,0,2
138,0,1,1,0,53.1,1,0.0,37.0,0,1
139,0,3,0,0,9.2167,1,0.0,16.0,0,0
140,0,1,0,0,79.2,1,1.0,24.0,0,0
141,0,3,0,2,15.2458,0,1.0,21.5,1,2
142,1,3,0,0,7.75,0,0.0,22.0,0,0
143,1,3,1,0,15.85,0,0.0,24.0,0,1
144,0,3,0,0,6.75,1,2.0,19.0,0,0
145,0,2,0,0,11.5,1,0.0,18.0,0,0
146,0,2,1,1,36.75,1,0.0,19.0,0,2
147,1,3,0,0,7.7958,1,0.0,27.0,0,0
148,0,3,2,2,34.375,0,0.0,9.0,0,4
149,0,2,0,2,26.0,1,0.0,36.5,0,2
150,0,2,0,0,13.0,1,0.0,42.0,0,0
151,0,2,0,0,12.525,1,0.0,51.0,0,0
152,1,1,1,0,66.6,0,0.0,22.0,0,1
153,0,3,0,0,8.05,1,0.0,55.5,0,0
154,0,3,0,2,14.5,1,0.0,40.5,0,2
155,0,3,0,0,7.3125,1,0.0,25.0,1,0
156,0,1,0,1,61.3792,1,1.0,51.0,0,1
157,1,3,0,0,7.7333,0,2.0,16.0,0,0
158,0,3,0,0,8.05,1,0.0,30.0,0,0
159,0,3,0,0,8.6625,1,0.0,25.0,1,0
160,0,3,8,2,69.55,1,0.0,25.0,1,10
161,0,3,0,1,16.1,1,0.0,44.0,0,1
162,1,2,0,0,15.75,0,0.0,40.0,0,0
163,0,3,0,0,7.775,1,0.0,26.0,0,0
164,0,3,0,0,8.6625,1,0.0,17.0,0,0
165,0,3,4,1,39.6875,1,0.0,1.0,0,5
166,1,3,0,2,20.525,1,0.0,9.0,0,2
167,1,1,0,1,55.0,0,0.0,35.0,1,1
168,0,3,1,4,27.9,0,0.0,45.0,0,5
169,0,1,0,0,25.925,1,0.0,40.0,1,0
170,0,3,0,0,56.4958,1,0.0,28.0,0,0
171,0,1,0,0,33.5,1,0.0,61.0,0,0
172,0,3,4,1,29.125,1,2.0,4.0,0,5
173,1,3,1,1,11.1333,0,0.0,1.0,0,2
174,0,3,0,0,7.925,1,0.0,21.0,0,0
175,0,1,0,0,30.6958,1,1.0,56.0,0,0
176,0,3,1,1,7.8542,1,0.0,18.0,0,2
177,0,3,3,1,25.4667,1,0.0,25.0,1,4
178,0,1,0,0,28.7125,0,1.0,50.0,0,0
179,0,2,0,0,13.0,1,0.0,30.0,0,0
180,0,3,0,0,0.0,1,0.0,36.0,0,0
181,0,3,8,2,69.55,0,0.0,21.5,1,10
182,0,2,0,0,15.05,1,1.0,30.0,1,0
183,0,3,4,2,31.3875,1,0.0,9.0,0,6
184,1,2,2,1,39.0,1,0.0,1.0,0,3
185,1,3,0,2,22.025,0,0.0,4.0,0,2
186,0,1,0,0,50.0,1,0.0,40.0,1,0
187,1,3,1,0,15.5,0,2.0,21.5,1,1
188,1,1,0,0,26.55,1,0.0,45.0,0,0
189,0,3,1,1,15.5,1,2.0,40.0,0,2
190,0,3,0,0,7.8958,1,0.0,36.0,0,0
191,1,2,0,0,13.0,0,0.0,32.0,0,0
192,0,2,0,0,13.0,1,0.0,19.0,0,0
193,1,3,1,0,7.8542,0,0.0,19.0,0,1
194,1,2,1,1,26.0,1,0.0,3.0,0,2
195,1,1,0,0,27.7208,0,1.0,44.0,0,0
196,1,1,0,0,146.5208,0,1.0,58.0,0,0
197,0,3,0,0,7.75,1,2.0,25.0,1,0
198,0,3,0,1,8.4042,1,0.0,42.0,0,1
199,1,3,0,0,7.75,0,2.0,21.5,1,0
200,0,2,0,0,13.0,0,0.0,24.0,0,0
201,0,3,0,0,9.5,1,0.0,28.0,0,0
202,0,3,8,2,69.55,1,0.0,25.0,1,10
203,0,3,0,0,6.4958,1,0.0,34.0,0,0
204,0,3,0,0,7.225,1,1.0,45.5,0,0
205,1,3,0,0,8.05,1,0.0,18.0,0,0
206,0,3,0,1,10.4625,0,0.0,2.0,0,1
207,0,3,1,0,15.85,1,0.0,32.0,0,1
208,1,3,0,0,18.7875,1,1.0,26.0,0,0
209,1,3,0,0,7.75,0,2.0,16.0,0,0
210,1,1,0,0,31.0,1,1.0,40.0,0,0
211,0,3,0,0,7.05,1,0.0,24.0,0,0
212,1,2,0,0,21.0,0,0.0,35.0,0,0
213,0,3,0,0,7.25,1,0.0,22.0,0,0
214,0,2,0,0,13.0,1,0.0,30.0,0,0
215,0,3,1,0,7.75,1,2.0,25.0,1,1
216,1,1,1,0,113.275,0,1.0,31.0,0,1
217,1,3,0,0,7.925,0,0.0,27.0,0,0
218,0,2,1,0,27.0,1,0.0,42.0,0,1
219,1,1,0,0,76.2917,0,1.0,32.0,0,0
220,0,2,0,0,10.5,1,0.0,30.0,0,0
221,1,3,0,0,8.05,1,0.0,16.0,0,0
222,0,2,0,0,13.0,1,0.0,27.0,0,0
223,0,3,0,0,8.05,1,0.0,51.0,0,0
224,0,3,0,0,7.8958,1,0.0,25.0,1,0
225,1,1,1,0,90.0,1,0.0,38.0,0,1
226,0,3,0,0,9.35,1,0.0,22.0,0,0
227,1,2,0,0,10.5,1,0.0,19.0,0,0
228,0,3,0,0,7.25,1,0.0,20.5,0,0
229,0,2,0,0,13.0,1,0.0,18.0,0,0
230,0,3,3,1,25.4667,0,0.0,21.5,1,4
231,1,1,1,0,83.475,0,0.0,35.0,0,1
232,0,3,0,0,7.775,1,0.0,29.0,0,0
233,0,2,0,0,13.5,1,0.0,59.0,0,0
234,1,3,4,2,31.3875,0,0.0,5.0,0,6
235,0,2,0,0,10.5,1,0.0,24.0,0,0
236,0,3,0,0,7.55,0,0.0,21.5,1,0
237,0,2,1,0,26.0,1,0.0,44.0,0,1
238,1,2,0,2,26.25,0,0.0,8.0,0,2
239,0,2,0,0,10.5,1,0.0,19.0,0,0
240,0,2,0,0,12.275,1,0.0,33.0,0,0
241,0,3,1,0,14.4542,0,1.0,21.5,1,1
242,1,3,1,0,15.5,0,2.0,21.5,1,1
243,0,2,0,0,10.5,1,0.0,29.0,0,0
244,0,3,0,0,7.125,1,0.0,22.0,0,0
245,0,3,0,0,7.225,1,1.0,30.0,0,0
246,0,1,2,0,90.0,1,2.0,44.0,0,2
247,0,3,0,0,7.775,0,0.0,25.0,0,0
248,1,2,0,2,14.5,0,0.0,24.0,0,2
249,1,1,1,1,52.5542,1,0.0,37.0,0,2
250,0,2,1,0,26.0,1,0.0,54.0,0,1
251,0,3,0,0,7.25,1,0.0,25.0,1,0
252,0,3,1,1,10.4625,0,0.0,29.0,0,2
253,0,1,0,0,26.55,1,0.0,62.0,0,0
254,0,3,1,0,16.1,1,0.0,30.0,0,1
255,0,3,0,2,20.2125,0,0.0,41.0,0,2
256,1,3,0,2,15.2458,0,1.0,29.0,0,2
257,1,1,0,0,79.2,0,1.0,35.0,1,0
258,1,1,0,0,86.5,0,0.0,30.0,0,0
259,1,1,0,0,512.3292,0,1.0,35.0,0,0
260,1,2,0,1,26.0,0,0.0,50.0,0,1
261,0,3,0,0,7.75,1,2.0,25.0,1,0
262,1,3,4,2,31.3875,1,0.0,3.0,0,6
263,0,1,1,1,79.65,1,0.0,52.0,0,2
264,0,1,0,0,0.0,1,0.0,40.0,0,0
265,0,3,0,0,7.75,0,2.0,21.5,1,0
266,0,2,0,0,10.5,1,0.0,36.0,0,0
267,0,3,4,1,39.6875,1,0.0,16.0,0,5
268,1,3,1,0,7.775,1,0.0,25.0,0,1
269,1,1,0,1,153.4625,0,0.0,58.0,0,1
270,1,1,0,0,135.6333,0,0.0,35.0,0,0
271,0,1,0,0,31.0,1,0.0,40.0,1,0
272,1,3,0,0,0.0,1,0.0,25.0,0,0
273,1,2,0,1,19.5,0,0.0,41.0,0,1
274,0,1,0,1,29.7,1,1.0,37.0,0,1
275,1,3,0,0,7.75,0,2.0,21.5,1,0
276,1,1,1,0,77.9583,0,0.0,63.0,0,1
277,0,3,0,0,7.75,0,0.0,45.0,0,0
278,0,2,0,0,0.0,1,0.0,30.0,1,0
279,0,3,4,1,29.125,1,2.0,7.0,0,5
280,1,3,1,1,20.25,0,0.0,35.0,0,2
281,0,3,0,0,7.75,1,2.0,65.0,0,0
282,0,3,0,0,7.8542,1,0.0,28.0,0,0
283,0,3,0,0,9.5,1,0.0,16.0,0,0
284,1,3,0,0,8.05,1,0.0,19.0,0,0
285,0,1,0,0,26.0,1,0.0,40.0,1,0
286,0,3,0,0,8.6625,1,1.0,33.0,0,0
287,1,3,0,0,9.5,1,0.0,30.0,0,0
288,0,3,0,0,7.8958,1,0.0,22.0,0,0
289,1,2,0,0,13.0,1,0.0,42.0,0,0
290,1,3,0,0,7.75,0,2.0,22.0,0,0
291,1,1,0,0,78.85,0,0.0,26.0,0,0
292,1,1,1,0,91.0792,0,1.0,19.0,0,1
293,0,2,0,0,12.875,1,1.0,36.0,0,0
294,0,3,0,0,8.85,0,0.0,24.0,0,0
295,0,3,0,0,7.8958,1,0.0,24.0,0,0
296,0,1,0,0,27.7208,1,1.0,40.0,1,0
297,0,3,0,0,7.2292,1,1.0,23.5,0,0
298,0,1,1,2,151.55,0,0.0,2.0,0,3
299,1,1,0,0,30.5,1,0.0,40.0,1,0
300,1,1,0,1,247.5208,0,1.0,50.0,0,1
301,1,3,0,0,7.75,0,2.0,21.5,1,0
302,1,3,2,0,23.25,1,2.0,25.0,1,2
303,0,3,0,0,0.0,1,0.0,19.0,0,0
304,1,2,0,0,12.35,0,2.0,28.0,1,0
305,0,3,0,0,8.05,1,0.0,25.0,1,0
306,1,1,1,2,151.55,1,0.0,0.92,0,3
307,1,1,0,0,110.8833,0,1.0,35.0,1,0
308,1,1,1,0,108.9,0,1.0,17.0,0,1
309,0,2,1,0,24.0,1,1.0,30.0,0,1
310,1,1,0,0,56.9292,0,1.0,30.0,0,0
311,1,1,0,0,83.1583,0,1.0,24.0,0,0
312,1,1,2,2,262.375,0,1.0,18.0,0,4
313,0,2,1,1,26.0,0,0.0,26.0,0,2
314,0,3,0,0,7.8958,1,0.0,28.0,0,0
315,0,2,1,1,26.25,1,0.0,43.0,0,2
316,1,3,0,0,7.8542,0,0.0,26.0,0,0
317,1,2,1,0,26.0,0,0.0,24.0,0,1
318,0,2,0,0,14.0,1,0.0,54.0,0,0
319,1,1,0,2,164.8667,0,0.0,31.0,0,2
320,1,1,1,1,134.5,0,1.0,40.0,0,2
321,0,3,0,0,7.25,1,0.0,22.0,0,0
322,0,3,0,0,7.8958,1,0.0,27.0,0,0
323,1,2,0,0,12.35,0,2.0,30.0,0,0
324,1,2,1,1,29.0,0,0.0,22.0,0,2
325,0,3,8,2,69.55,1,0.0,25.0,1,10
326,1,1,0,0,135.6333,0,1.0,36.0,0,0
327,0,3,0,0,6.2375,1,0.0,61.0,0,0
328,1,2,0,0,13.0,0,0.0,36.0,0,0
329,1,3,1,1,20.525,0,0.0,31.0,0,2
330,1,1,0,1,57.9792,0,1.0,16.0,0,1
331,1,3,2,0,23.25,0,2.0,21.5,1,2
332,0,1,0,0,28.5,1,0.0,45.5,0,0
333,0,1,0,1,153.4625,1,0.0,38.0,0,1
334,0,3,2,0,18.0,1,0.0,16.0,0,2
335,1,1,1,0,133.65,0,0.0,35.0,1,1
336,0,3,0,0,7.8958,1,0.0,25.0,1,0
337,0,1,1,0,66.6,1,0.0,29.0,0,1
338,1,1,0,0,134.5,0,1.0,41.0,0,0
339,1,3,0,0,8.05,1,0.0,45.0,0,0
340,0,1,0,0,35.5,1,0.0,45.0,0,0
341,1,2,1,1,26.0,1,0.0,2.0,0,2
342,1,1,3,2,263.0,0,0.0,24.0,0,5
343,0,2,0,0,13.0,1,0.0,28.0,0,0
344,0,2,0,0,13.0,1,0.0,25.0,0,0
345,0,2,0,0,13.0,1,0.0,36.0,0,0
346,1,2,0,0,13.0,0,0.0,24.0,0,0
347,1,2,0,0,13.0,0,0.0,40.0,0,0
348,1,3,1,0,16.1,0,0.0,21.5,1,1
349,1,3,1,1,15.9,1,0.0,3.0,0,2
350,0,3,0,0,8.6625,1,0.0,42.0,0,0
351,0,3,0,0,9.225,1,0.0,23.0,0,0
352,0,1,0,0,35.0,1,0.0,40.0,1,0
353,0,3,1,1,7.2292,1,1.0,15.0,0,2
354,0,3,1,0,17.8,1,0.0,25.0,0,1
355,0,3,0,0,7.225,1,1.0,25.0,1,0
356,0,3,0,0,9.5,1,0.0,28.0,0,0
357,1,1,0,1,55.0,0,0.0,22.0,0,1
358,0,2,0,0,13.0,0,0.0,38.0,0,0
359,1,3,0,0,7.8792,0,2.0,21.5,1,0
360,1,3,0,0,7.8792,0,2.0,21.5,1,0
361,0,3,1,4,27.9,1,0.0,40.0,0,5
362,0,2,1,0,27.7208,1,1.0,29.0,0,1
363,0,3,0,1,14.4542,0,1.0,45.0,0,1
364,0,3,0,0,7.05,1,0.0,35.0,0,0
365,0,3,1,0,15.5,1,2.0,25.0,1,1
366,0,3,0,0,7.25,1,0.0,30.0,0,0
367,1,1,1,0,75.25,0,1.0,60.0,0,1
368,1,3,0,0,7.2292,0,1.0,21.5,1,0
369,1,3,0,0,7.75,0,2.0,21.5,1,0
370,1,1,0,0,69.3,0,1.0,24.0,0,0
371,1,1,1,0,55.4417,1,1.0,25.0,0,1
372,0,3,1,0,6.4958,1,0.0,18.0,0,1
373,0,3,0,0,8.05,1,0.0,19.0,0,0
374,0,1,0,0,135.6333,1,1.0,22.0,0,0
375,0,3,3,1,21.075,0,0.0,3.0,0,4
376,1,1,1,0,82.1708,0,1.0,35.0,1,1
377,1,3,0,0,7.25,0,0.0,22.0,0,0
378,0,1,0,2,211.5,1,1.0,27.0,0,2
379,0,3,0,0,4.0125,1,1.0,20.0,0,0
380,0,3,0,0,7.775,1,0.0,19.0,0,0
381,1,1,0,0,227.525,0,1.0,42.0,0,0
382,1,3,0,2,15.7417,0,1.0,1.0,0,2
383,0,3,0,0,7.925,1,0.0,32.0,0,0
384,1,1,1,0,52.0,0,0.0,35.0,0,1
385,0,3,0,0,7.8958,1,0.0,25.0,1,0
386,0,2,0,0,73.5,1,0.0,18.0,0,0
387,0,3,5,2,46.9,1,0.0,1.0,0,7
388,1,2,0,0,13.0,0,0.0,36.0,0,0
389,0,3,0,0,7.7292,1,2.0,25.0,1,0
390,1,2,0,0,12.0,0,1.0,17.0,0,0
391,1,1,1,2,120.0,1,0.0,36.0,0,3
392,1,3,0,0,7.7958,1,0.0,21.0,0,0
393,0,3,2,0,7.925,1,0.0,28.0,0,2
394,1,1,1,0,113.275,0,1.0,23.0,0,1
395,1,3,0,2,16.7,0,0.0,24.0,0,2
396,0,3,0,0,7.7958,1,0.0,22.0,0,0
397,0,3,0,0,7.8542,0,0.0,31.0,0,0
398,0,2,0,0,26.0,1,0.0,46.0,0,0
399,0,2,0,0,10.5,1,0.0,23.0,0,0
400,1,2,0,0,12.65,0,0.0,28.0,0,0
401,1,3,0,0,7.925,1,0.0,39.0,0,0
402,0,3,0,0,8.05,1,0.0,26.0,0,0
403,0,3,1,0,9.825,0,0.0,21.0,0,1
404,0,3,1,0,15.85,1,0.0,28.0,0,1
405,0,3,0,0,8.6625,0,0.0,20.0,0,0
406,0,2,1,0,21.0,1,0.0,34.0,0,1
407,0,3,0,0,7.75,1,0.0,51.0,0,0
408,1,2,1,1,18.75,1,0.0,3.0,0,2
409,0,3,0,0,7.775,1,0.0,21.0,0,0
410,0,3,3,1,25.4667,0,0.0,21.5,1,4
411,0,3,0,0,7.8958,1,0.0,25.0,1,0
412,0,3,0,0,6.8583,1,2.0,25.0,1,0
413,1,1,1,0,90.0,0,2.0,33.0,0,1
414,0,2,0,0,0.0,1,0.0,30.0,1,0
415,1,3,0,0,7.925,1,0.0,44.0,0,0
416,0,3,0,0,8.05,0,0.0,21.5,1,0
417,1,2,1,1,32.5,0,0.0,34.0,0,2
418,1,2,0,2,13.0,0,0.0,18.0,0,2
419,0,2,0,0,13.0,1,0.0,30.0,0,0
420,0,3,0,2,24.15,0,0.0,10.0,0,2
421,0,3,0,0,7.8958,1,1.0,25.0,1,0
422,0,3,0,0,7.7333,1,2.0,21.0,0,0
423,0,3,0,0,7.875,1,0.0,29.0,0,0
424,0,3,1,1,14.4,0,0.0,28.0,0,2
425,0,3,1,1,20.2125,1,0.0,18.0,0,2
426,0,3,0,0,7.25,1,0.0,25.0,1,0
427,1,2,1,0,26.0,0,0.0,28.0,0,1
428,1,2,0,0,26.0,0,0.0,19.0,0,0
429,0,3,0,0,7.75,1,2.0,25.0,1,0
430,1,3,0,0,8.05,1,0.0,32.0,0,0
431,1,1,0,0,26.55,1,0.0,28.0,0,0
432,1,3,1,0,16.1,0,0.0,21.5,1,1
433,1,2,1,0,26.0,0,0.0,42.0,0,1
434,0,3,0,0,7.125,1,0.0,17.0,0,0
435,0,1,1,0,55.9,1,0.0,50.0,0,1
436,1,1,1,2,120.0,0,0.0,14.0,0,3
437,0,3,2,2,34.375,0,0.0,21.0,0,4
438,1,2,2,3,18.75,0,0.0,24.0,0,5
439,0,1,1,4,263.0,1,0.0,64.0,0,5
440,0,2,0,0,10.5,1,0.0,31.0,0,0
441,1,2,1,1,26.25,0,0.0,45.0,0,2
442,0,3,0,0,9.5,1,0.0,20.0,0,0
443,0,3,1,0,7.775,1,0.0,25.0,0,1
444,1,2,0,0,13.0,0,0.0,28.0,0,0
445,1,3,0,0,8.1125,1,0.0,25.0,1,0
446,1,1,0,2,81.8583,1,0.0,4.0,0,2
447,1,2,0,1,19.5,0,0.0,13.0,0,1
448,1,1,0,0,26.55,1,0.0,34.0,0,0
449,1,3,2,1,19.2583,0,1.0,5.0,0,3
450,1,1,0,0,30.5,1,0.0,52.0,0,0
451,0,2,1,2,27.75,1,0.0,36.0,0,3
452,0,3,1,0,19.9667,1,0.0,25.0,1,1
453,0,1,0,0,27.75,1,1.0,30.0,0,0
454,1,1,1,0,89.1042,1,1.0,49.0,0,1
455,0,3,0,0,8.05,1,0.0,25.0,1,0
456,1,3,0,0,7.8958,1,1.0,29.0,0,0
457,0,1,0,0,26.55,1,0.0,65.0,0,0
458,1,1,1,0,51.8625,0,0.0,35.0,1,1
459,1,2,0,0,10.5,0,0.0,50.0,0,0
460,0,3,0,0,7.75,1,2.0,25.0,1,0
461,1,1,0,0,26.55,1,0.0,48.0,0,0
462,0,3,0,0,8.05,1,0.0,34.0,0,0
463,0,1,0,0,38.5,1,0.0,47.0,0,0
464,0,2,0,0,13.0,1,0.0,48.0,0,0
465,0,3,0,0,8.05,1,0.0,25.0,1,0
466,0,3,0,0,7.05,1,0.0,38.0,0,0
467,0,2,0,0,0.0,1,0.0,30.0,1,0
468,0,1,0,0,26.55,1,0.0,56.0,0,0
469,0,3,0,0,7.725,1,2.0,25.0,1,0
470,1,3,2,1,19.2583,0,1.0,0.75,0,3
471,0,3,0,0,7.25,1,0.0,25.0,1,0
472,0,3,0,0,8.6625,1,0.0,38.0,0,0
473,1,2,1,2,27.75,0,0.0,33.0,0,3
474,1,2,0,0,13.7917,0,1.0,23.0,0,0
475,0,3,0,0,9.8375,0,0.0,22.0,0,0
476,0,1,0,0,52.0,1,0.0,40.0,1,0
477,0,2,1,0,21.0,1,0.0,34.0,0,1
478,0,3,1,0,7.0458,1,0.0,29.0,0,1
479,0,3,0,0,7.5208,1,0.0,22.0,0,0
480,1,3,0,1,12.2875,0,0.0,2.0,0,1
481,0,3,5,2,46.9,1,0.0,9.0,0,7
482,0,2,0,0,0.0,1,0.0,30.0,1,0
483,0,3,0,0,8.05,1,0.0,50.0,0,0
484,1,3,0,0,9.5875,0,0.0,63.0,0,0
485,1,1,1,0,91.0792,1,1.0,25.0,0,1
486,0,3,3,1,25.4667,0,0.0,21.5,1,4
487,1,1,1,0,90.0,0,0.0,35.0,0,1
488,0,1,0,0,29.7,1,1.0,58.0,0,0
489,0,3,0,0,8.05,1,0.0,30.0,0,0
490,1,3,1,1,15.9,1,0.0,9.0,0,2
491,0,3,1,0,19.9667,1,0.0,25.0,1,1
492,0,3,0,0,7.25,1,0.0,21.0,0,0
493,0,1,0,0,30.5,1,0.0,55.0,0,0
494,0,1,0,0,49.5042,1,1.0,71.0,0,0
495,0,3,0,0,8.05,1,0.0,21.0,0,0
496,0,3,0,0,14.4583,1,1.0,25.0,1,0
497,1,1,1,0,78.2667,0,1.0,54.0,0,1
498,0,3,0,0,15.1,1,0.0,25.0,1,0
499,0,1,1,2,151.55,0,0.0,25.0,0,3
500,0,3,0,0,7.7958,1,0.0,24.0,0,0
501,0,3,0,0,8.6625,1,0.0,17.0,0,0
502,0,3,0,0,7.75,0,2.0,21.0,0,0
503,0,3,0,0,7.6292,0,2.0,21.5,1,0
504,0,3,0,0,9.5875,0,0.0,37.0,0,0
505,1,1,0,0,86.5,0,0.0,16.0,0,0
506,0,1,1,0,108.9,1,1.0,18.0,0,1
507,1,2,0,2,26.0,0,0.0,33.0,0,2
508,1,1,0,0,26.55,1,0.0,40.0,1,0
509,0,3,0,0,22.525,1,0.0,28.0,0,0
510,1,3,0,0,56.4958,1,0.0,26.0,0,0
511,1,3,0,0,7.75,1,2.0,29.0,0,0
512,0,3,0,0,8.05,1,0.0,25.0,1,0
513,1,1,0,0,26.2875,1,0.0,36.0,0,0
514,1,1,1,0,59.4,0,1.0,54.0,0,1
515,0,3,0,0,7.4958,1,0.0,24.0,0,0
516,0,1,0,0,34.0208,1,0.0,47.0,0,0
517,1,2,0,0,10.5,0,0.0,34.0,0,0
518,0,3,0,0,24.15,1,2.0,25.0,1,0
519,1,2,1,0,26.0,0,0.0,36.0,0,1
520,0,3,0,0,7.8958,1,0.0,32.0,0,0
521,1,1,0,0,93.5,0,0.0,30.0,0,0
522,0,3,0,0,7.8958,1,0.0,22.0,0,0
523,0,3,0,0,7.225,1,1.0,25.0,1,0
524,1,1,0,1,57.9792,0,1.0,44.0,0,1
525,0,3,0,0,7.2292,1,1.0,25.0,1,0
526,0,3,0,0,7.75,1,2.0,40.5,0,0
527,1,2,0,0,10.5,0,0.0,50.0,0,0
528,0,1,0,0,221.7792,1,0.0,40.0,1,0
529,0,3,0,0,7.925,1,0.0,39.0,0,0
530,0,2,2,1,11.5,1,0.0,23.0,0,3
531,1,2,1,1,26.0,0,0.0,2.0,0,2
532,0,3,0,0,7.2292,1,1.0,25.0,1,0
533,0,3,1,1,7.2292,1,1.0,17.0,0,2
534,1,3,0,2,22.3583,0,1.0,21.5,1,2
535,0,3,0,0,8.6625,0,0.0,30.0,0,0
536,1,2,0,2,26.25,0,0.0,7.0,0,2
537,0,1,0,0,26.55,1,0.0,45.0,0,0
538,1,1,0,0,106.425,0,1.0,30.0,0,0
539,0,3,0,0,14.5,1,0.0,25.0,1,0
540,1,1,0,2,49.5,0,1.0,22.0,0,2
541,1,1,0,2,71.0,0,0.0,36.0,0,2
542,0,3,4,2,31.275,0,0.0,9.0,0,6
543,0,3,4,2,31.275,0,0.0,11.0,0,6
544,1,2,1,0,26.0,1,0.0,32.0,0,1
545,0,1,1,0,106.425,1,1.0,50.0,0,1
546,0,1,0,0,26.0,1,0.0,64.0,0,0
547,1,2,1,0,26.0,0,0.0,19.0,0,1
548,1,2,0,0,13.8625,1,1.0,30.0,1,0
549,0,3,1,1,20.525,1,0.0,33.0,0,2
550,1,2,1,1,36.75,1,0.0,8.0,0,2
551,1,1,0,2,110.8833,1,1.0,17.0,0,2
552,0,2,0,0,26.0,1,0.0,27.0,0,0
553,0,3,0,0,7.8292,1,2.0,25.0,1,0
554,1,3,0,0,7.225,1,1.0,22.0,0,0
555,1,3,0,0,7.775,0,0.0,22.0,0,0
556,0,1,0,0,26.55,1,0.0,62.0,0,0
557,1,1,1,0,39.6,0,1.0,48.0,0,1
558,0,1,0,0,227.525,1,1.0,40.0,1,0
559,1,1,1,1,79.65,0,0.0,39.0,0,2
560,1,3,1,0,17.4,0,0.0,36.0,0,1
561,0,3,0,0,7.75,1,2.0,25.0,1,0
562,0,3,0,0,7.8958,1,0.0,40.0,0,0
563,0,2,0,0,13.5,1,0.0,28.0,0,0
564,0,3,0,0,8.05,1,0.0,25.0,1,0
565,0,3,0,0,8.05,0,0.0,21.5,1,0
566,0,3,2,0,24.15,1,0.0,24.0,0,2
567,0,3,0,0,7.8958,1,0.0,19.0,0,0
568,0,3,0,4,21.075,0,0.0,29.0,0,4
569,0,3,0,0,7.2292,1,1.0,25.0,1,0
570,1,3,0,0,7.8542,1,0.0,32.0,0,0
571,1,2,0,0,10.5,1,0.0,62.0,0,0
572,1,1,2,0,51.4792,0,0.0,53.0,0,2
573,1,1,0,0,26.3875,1,0.0,36.0,0,0
574,1,3,0,0,7.75,0,2.0,21.5,1,0
575,0,3,0,0,8.05,1,0.0,16.0,0,0
576,0,3,0,0,14.5,1,0.0,19.0,0,0
577,1,2,0,0,13.0,0,0.0,34.0,0,0
578,1,1,1,0,55.9,0,0.0,39.0,0,1
579,0,3,1,0,14.4583,0,1.0,21.5,1,1
580,1,3,0,0,7.925,1,0.0,32.0,0,0
581,1,2,1,1,30.0,0,0.0,25.0,0,2
582,1,1,1,1,110.8833,0,1.0,39.0,0,2
583,0,2,0,0,26.0,1,0.0,54.0,0,0
584,0,1,0,0,40.125,1,1.0,36.0,0,0
585,0,3,0,0,8.7125,1,1.0,25.0,1,0
586,1,1,0,2,79.65,0,0.0,18.0,0,2
587,0,2,0,0,15.0,1,0.0,47.0,0,0
588,1,1,1,1,79.2,1,1.0,60.0,0,2
589,0,3,0,0,8.05,1,0.0,22.0,0,0
590,0,3,0,0,8.05,1,0.0,25.0,1,0
591,0,3,0,0,7.125,1,0.0,35.0,0,0
592,1,1,1,0,78.2667,0,1.0,52.0,0,1
593,0,3,0,0,7.25,1,0.0,47.0,0,0
594,0,3,0,2,7.75,0,2.0,21.5,1,2
595,0,2,1,0,26.0,1,0.0,37.0,0,1
596,0,3,1,1,24.15,1,0.0,36.0,0,2
597,1,2,0,0,33.0,0,0.0,28.0,1,0
598,0,3,0,0,0.0,1,0.0,49.0,0,0
599,0,3,0,0,7.225,1,1.0,25.0,1,0
600,1,1,1,0,56.9292,1,1.0,49.0,0,1
601,1,2,2,1,27.0,0,0.0,24.0,0,3
602,0,3,0,0,7.8958,1,0.0,25.0,1,0
603,0,1,0,0,42.4,1,0.0,40.0,1,0
604,0,3,0,0,8.05,1,0.0,44.0,0,0
605,1,1,0,0,26.55,1,1.0,35.0,0,0
606,0,3,1,0,15.55,1,0.0,36.0,0,1
607,0,3,0,0,7.8958,1,0.0,30.0,0,0
608,1,1,0,0,30.5,1,0.0,27.0,0,0
609,1,2,1,2,41.5792,0,1.0,22.0,0,3
610,1,1,0,0,153.4625,0,0.0,40.0,0,0
611,0,3,1,5,31.275,0,0.0,39.0,0,6
612,0,3,0,0,7.05,1,0.0,25.0,1,0
613,1,3,1,0,15.5,0,2.0,21.5,1,1
614,0,3,0,0,7.75,1,2.0,25.0,1,0
615,0,3,0,0,8.05,1,0.0,35.0,0,0
616,1,2,1,2,65.0,0,0.0,24.0,0,3
617,0,3,1,1,14.4,1,0.0,34.0,0,2
618,0,3,1,0,16.1,0,0.0,26.0,0,1
619,1,2,2,1,39.0,0,0.0,4.0,0,3
620,0,2,0,0,10.5,1,0.0,26.0,0,0
621,0,3,1,0,14.4542,1,1.0,27.0,0,1
622,1,1,1,0,52.5542,1,0.0,42.0,0,1
623,1,3,1,1,15.7417,1,1.0,20.0,0,2
624,0,3,0,0,7.8542,1,0.0,21.0,0,0
625,0,3,0,0,16.1,1,0.0,21.0,0,0
626,0,1,0,0,32.3208,1,0.0,61.0,0,0
627,0,2,0,0,12.35,1,2.0,57.0,0,0
628,1,1,0,0,77.9583,0,0.0,21.0,0,0
629,0,3,0,0,7.8958,1,0.0,26.0,0,0
630,0,3,0,0,7.7333,1,2.0,25.0,1,0
631,1,1,0,0,30.0,1,0.0,80.0,0,0
632,0,3,0,0,7.0542,1,0.0,51.0,0,0
633,1,1,0,0,30.5,1,1.0,32.0,0,0
634,0,1,0,0,0.0,1,0.0,40.0,1,0
635,0,3,3,2,27.9,0,0.0,9.0,0,5
636,1,2,0,0,13.0,0,0.0,28.0,0,0
637,0,3,0,0,7.925,1,0.0,32.0,0,0
638,0,2,1,1,26.25,1,0.0,31.0,0,2
639,0,3,0,5,39.6875,0,0.0,41.0,0,5
640,0,3,1,0,16.1,1,0.0,25.0,1,1
641,0,3,0,0,7.8542,1,0.0,20.0,0,0
642,1,1,0,0,69.3,0,1.0,24.0,0,0
643,0,3,3,2,27.9,0,0.0,2.0,0,5
644,1,3,0,0,56.4958,1,0.0,25.0,1,0
645,1,3,2,1,19.2583,0,1.0,0.75,0,3
646,1,1,1,0,76.7292,1,1.0,48.0,0,1
647,0,3,0,0,7.8958,1,0.0,19.0,0,0
648,1,1,0,0,35.5,1,1.0,56.0,0,0
649,0,3,0,0,7.55,1,0.0,25.0,1,0
650,1,3,0,0,7.55,0,0.0,23.0,0,0
651,0,3,0,0,7.8958,1,0.0,25.0,1,0
652,1,2,0,1,23.0,0,0.0,18.0,0,1
653,0,3,0,0,8.4333,1,0.0,21.0,0,0
654,1,3,0,0,7.8292,0,2.0,21.5,1,0
655,0,3,0,0,6.75,0,2.0,18.0,0,0
656,0,2,2,0,73.5,1,0.0,24.0,0,2
657,0,3,0,0,7.8958,1,0.0,25.0,1,0
658,0,3,1,1,15.5,0,2.0,32.0,0,2
659,0,2,0,0,13.0,1,0.0,23.0,0,0
660,0,1,0,2,113.275,1,1.0,58.0,0,2
661,1,1,2,0,133.65,1,0.0,50.0,0,2
662,0,3,0,0,7.225,1,1.0,40.0,0,0
663,0,1,0,0,25.5875,1,0.0,47.0,0,0
664,0,3,0,0,7.4958,1,0.0,36.0,0,0
665,1,3,1,0,7.925,1,0.0,20.0,0,1
666,0,2,2,0,73.5,1,0.0,32.0,0,2
667,0,2,0,0,13.0,1,0.0,25.0,0,0
668,0,3,0,0,7.775,1,0.0,25.0,1,0
669,0,3,0,0,8.05,1,0.0,43.0,0,0
670,1,1,1,0,52.0,0,0.0,35.0,1,1
671,1,2,1,1,39.0,0,0.0,40.0,0,2
672,0,1,1,0,52.0,1,0.0,31.0,0,1
673,0,2,0,0,10.5,1,0.0,70.0,0,0
674,1,2,0,0,13.0,1,0.0,31.0,0,0
675,0,2,0,0,0.0,1,0.0,30.0,1,0
676,0,3,0,0,7.775,1,0.0,18.0,0,0
677,0,3,0,0,8.05,1,0.0,24.5,0,0
678,1,3,0,0,9.8417,0,0.0,18.0,0,0
679,0,3,1,6,46.9,0,0.0,43.0,0,7
680,1,1,0,1,512.3292,1,1.0,36.0,0,1
681,0,3,0,0,8.1375,0,2.0,21.5,1,0
682,1,1,0,0,76.7292,1,1.0,27.0,0,0
683,0,3,0,0,9.225,1,0.0,20.0,0,0
684,0,3,5,2,46.9,1,0.0,14.0,0,7
685,0,2,1,1,39.0,1,0.0,60.0,0,2
686,0,2,1,2,41.5792,1,1.0,25.0,0,3
687,0,3,4,1,39.6875,1,0.0,14.0,0,5
688,0,3,0,0,10.1708,1,0.0,19.0,0,0
689,0,3,0,0,7.7958,1,0.0,18.0,0,0
690,1,1,0,1,211.3375,0,0.0,15.0,0,1
691,1,1,1,0,57.0,1,0.0,31.0,0,1
692,1,3,0,1,13.4167,0,1.0,4.0,0,1
693,1,3,0,0,56.4958,1,0.0,25.0,1,0
694,0,3,0,0,7.225,1,1.0,25.0,0,0
695,0,1,0,0,26.55,1,0.0,60.0,0,0
696,0,2,0,0,13.5,1,0.0,52.0,0,0
697,0,3,0,0,8.05,1,0.0,44.0,0,0
698,1,3,0,0,7.7333,0,2.0,21.5,1,0
699,0,1,1,1,110.8833,1,1.0,49.0,0,2
700,0,3,0,0,7.65,1,0.0,42.0,0,0
701,1,1,1,0,227.525,0,1.0,18.0,0,1
702,1,1,0,0,26.2875,1,0.0,35.0,0,0
703,0,3,0,1,14.4542,0,1.0,18.0,0,1
704,0,3,0,0,7.7417,1,2.0,25.0,0,0
705,0,3,1,0,7.8542,1,0.0,26.0,0,1
706,0,2,0,0,26.0,1,0.0,39.0,0,0
707,1,2,0,0,13.5,0,0.0,45.0,0,0
708,1,1,0,0,26.2875,1,0.0,42.0,0,0
709,1,1,0,0,151.55,0,0.0,22.0,0,0
710,1,3,1,1,15.2458,1,1.0,25.0,1,2
711,1,1,0,0,49.5042,0,1.0,24.0,0,0
712,0,1,0,0,26.55,1,0.0,40.0,1,0
713,1,1,1,0,52.0,1,0.0,48.0,0,1
714,0,3,0,0,9.4833,1,0.0,29.0,0,0
715,0,2,0,0,13.0,1,0.0,52.0,0,0
716,0,3,0,0,7.65,1,0.0,19.0,0,0
717,1,1,0,0,227.525,0,1.0,38.0,0,0
718,1,2,0,0,10.5,0,0.0,27.0,0,0
719,0,3,0,0,15.5,1,2.0,25.0,1,0
720,0,3,0,0,7.775,1,0.0,33.0,0,0
721,1,2,0,1,33.0,0,0.0,6.0,0,1
722,0,3,1,0,7.0542,1,0.0,17.0,0,1
723,0,2,0,0,13.0,1,0.0,34.0,0,0
724,0,2,0,0,13.0,1,0.0,50.0,0,0
725,1,1,1,0,53.1,1,0.0,27.0,0,1
726,0,3,0,0,8.6625,1,0.0,20.0,0,0
727,1,2,3,0,21.0,0,0.0,30.0,0,3
728,1,3,0,0,7.7375,0,2.0,21.5,1,0
729,0,2,1,0,26.0,1,0.0,25.0,0,1
730,0,3,1,0,7.925,0,0.0,25.0,0,1
731,1,1,0,0,211.3375,0,0.0,29.0,0,0
732,0,3,0,0,18.7875,1,1.0,11.0,0,0
733,0,2,0,0,0.0,1,0.0,30.0,1,0
734,0,2,0,0,13.0,1,0.0,23.0,0,0
735,0,2,0,0,13.0,1,0.0,23.0,0,0
736,0,3,0,0,16.1,1,0.0,28.5,0,0
737,0,3,1,3,34.375,0,0.0,48.0,0,4
738,1,1,0,0,512.3292,1,1.0,35.0,0,0
739,0,3,0,0,7.8958,1,0.0,25.0,1,0
740,0,3,0,0,7.8958,1,0.0,25.0,1,0
741,1,1,0,0,30.0,1,0.0,40.0,1,0
742,0,1,1,0,78.85,1,0.0,36.0,0,1
743,1,1,2,2,262.375,0,1.0,21.0,0,4
744,0,3,1,0,16.1,1,0.0,24.0,0,1
745,1,3,0,0,7.925,1,0.0,31.0,0,0
746,0,1,1,1,71.0,1,0.0,70.0,0,2
747,0,3,1,1,20.25,1,0.0,16.0,0,2
748,1,2,0,0,13.0,0,0.0,30.0,0,0
749,0,1,1,0,53.1,1,0.0,19.0,0,1
750,0,3,0,0,7.75,1,2.0,31.0,0,0
751,1,2,1,1,23.0,0,0.0,4.0,0,2
752,1,3,0,1,12.475,1,0.0,6.0,0,1
753,0,3,0,0,9.5,1,0.0,33.0,0,0
754,0,3,0,0,7.8958,1,0.0,23.0,0,0
755,1,2,1,2,65.0,0,0.0,48.0,0,3
756,1,2,1,1,14.5,1,0.0,0.67,0,2
757,0,3,0,0,7.7958,1,0.0,28.0,0,0
758,0,2,0,0,11.5,1,0.0,18.0,0,0
759,0,3,0,0,8.05,1,0.0,34.0,0,0
760,1,1,0,0,86.5,0,0.0,33.0,0,0
761,0,3,0,0,14.5,1,0.0,25.0,1,0
762,0,3,0,0,7.125,1,0.0,41.0,0,0
763,1,3,0,0,7.2292,1,1.0,20.0,0,0
764,1,1,1,2,120.0,0,0.0,36.0,0,3
765,0,3,0,0,7.775,1,0.0,16.0,0,0
766,1,1,1,0,77.9583,0,0.0,51.0,0,1
767,0,1,0,0,39.6,1,1.0,40.0,1,0
768,0,3,0,0,7.75,0,2.0,30.5,0,0
769,0,3,1,0,24.15,1,2.0,25.0,1,1
770,0,3,0,0,8.3625,1,0.0,32.0,0,0
771,0,3,0,0,9.5,1,0.0,24.0,0,0
772,0,3,0,0,7.8542,1,0.0,48.0,0,0
773,0,2,0,0,10.5,0,0.0,57.0,0,0
774,0,3,0,0,7.225,1,1.0,25.0,1,0
775,1,2,1,3,23.0,0,0.0,54.0,0,4
776,0,3,0,0,7.75,1,0.0,18.0,0,0
777,0,3,0,0,7.75,1,2.0,25.0,1,0
778,1,3,0,0,12.475,0,0.0,5.0,0,0
779,0,3,0,0,7.7375,1,2.0,25.0,1,0
780,1,1,0,1,211.3375,0,0.0,43.0,0,1
781,1,3,0,0,7.2292,0,1.0,13.0,0,0
782,1,1,1,0,57.0,0,0.0,17.0,0,1
783,0,1,0,0,30.0,1,0.0,29.0,0,0
784,0,3,1,2,23.45,1,0.0,25.0,1,3
785,0,3,0,0,7.05,1,0.0,25.0,0,0
786,0,3,0,0,7.25,1,0.0,25.0,0,0
787,1,3,0,0,7.4958,0,0.0,18.0,0,0
788,0,3,4,1,29.125,1,2.0,8.0,0,5
789,1,3,1,2,20.575,1,0.0,1.0,0,3
790,0,1,0,0,79.2,1,1.0,46.0,0,0
791,0,3,0,0,7.75,1,2.0,25.0,1,0
792,0,2,0,0,26.0,1,0.0,16.0,0,0
793,0,3,8,2,69.55,0,0.0,21.5,1,10
794,0,1,0,0,30.6958,1,1.0,40.0,1,0
795,0,3,0,0,7.8958,1,0.0,25.0,0,0
796,0,2,0,0,13.0,1,0.0,39.0,0,0
797,1,1,0,0,25.9292,0,0.0,49.0,0,0
798,1,3,0,0,8.6833,0,0.0,31.0,0,0
799,0,3,0,0,7.2292,1,1.0,30.0,0,0
800,0,3,1,1,24.15,0,0.0,30.0,0,2
801,0,2,0,0,13.0,1,0.0,34.0,0,0
802,1,2,1,1,26.25,0,0.0,31.0,0,2
803,1,1,1,2,120.0,1,0.0,11.0,0,3
804,1,3,0,1,8.5167,1,1.0,0.42,0,1
805,1,3,0,0,6.975,1,0.0,27.0,0,0
806,0,3,0,0,7.775,1,0.0,31.0,0,0
807,0,1,0,0,0.0,1,0.0,39.0,0,0
808,0,3,0,0,7.775,0,0.0,18.0,0,0
809,0,2,0,0,13.0,1,0.0,39.0,0,0
810,1,1,1,0,53.1,0,0.0,33.0,0,1
811,0,3,0,0,7.8875,1,0.0,26.0,0,0
812,0,3,0,0,24.15,1,0.0,39.0,0,0
813,0,2,0,0,10.5,1,0.0,35.0,0,0
814,0,3,4,2,31.275,0,0.0,6.0,0,6
815,0,3,0,0,8.05,1,0.0,30.5,0,0
816,0,1,0,0,0.0,1,0.0,40.0,1,0
817,0,3,0,0,7.925,0,0.0,23.0,0,0
818,0,2,1,1,37.0042,1,1.0,31.0,0,2
819,0,3,0,0,6.45,1,0.0,43.0,0,0
820,0,3,3,2,27.9,1,0.0,10.0,0,5
821,1,1,1,1,93.5,0,0.0,52.0,0,2
822,1,3,0,0,8.6625,1,0.0,27.0,0,0
823,0,1,0,0,0.0,1,0.0,38.0,0,0
824,1,3,0,1,12.475,0,0.0,27.0,0,1
825,0,3,4,1,39.6875,1,0.0,2.0,0,5
826,0,3,0,0,6.95,1,2.0,25.0,1,0
827,0,3,0,0,56.4958,1,0.0,25.0,1,0
828,1,2,0,2,37.0042,1,1.0,1.0,0,2
829,1,3,0,0,7.75,1,2.0,25.0,1,0
831,1,3,1,0,14.4542,0,1.0,15.0,0,1
832,1,2,1,1,18.75,1,0.0,0.83,0,2
833,0,3,0,0,7.2292,1,1.0,25.0,1,0
834,0,3,0,0,7.8542,1,0.0,23.0,0,0
835,0,3,0,0,8.3,1,0.0,18.0,0,0
836,1,1,1,1,83.1583,0,1.0,39.0,0,2
837,0,3,0,0,8.6625,1,0.0,21.0,0,0
838,0,3,0,0,8.05,1,0.0,25.0,1,0
839,1,3,0,0,56.4958,1,0.0,32.0,0,0
840,1,1,0,0,29.7,1,1.0,40.0,1,0
841,0,3,0,0,7.925,1,0.0,20.0,0,0
842,0,2,0,0,10.5,1,0.0,16.0,0,0
843,1,1,0,0,31.0,0,1.0,30.0,0,0
844,0,3,0,0,6.4375,1,1.0,34.5,0,0
845,0,3,0,0,8.6625,1,0.0,17.0,0,0
846,0,3,0,0,7.55,1,0.0,42.0,0,0
847,0,3,8,2,69.55,1,0.0,25.0,1,10
848,0,3,0,0,7.8958,1,1.0,35.0,0,0
849,0,2,0,1,33.0,1,0.0,28.0,0,1
850,1,1,1,0,89.1042,0,1.0,35.0,1,1
851,0,3,4,2,31.275,1,0.0,4.0,0,6
852,0,3,0,0,7.775,1,0.0,74.0,0,0
853,0,3,1,1,15.2458,0,1.0,9.0,0,2
854,1,1,0,1,39.4,0,0.0,16.0,0,1
855,0,2,1,0,26.0,0,0.0,44.0,0,1
856,1,3,0,1,9.35,0,0.0,18.0,0,1
857,1,1,1,1,164.8667,0,0.0,45.0,0,2
858,1,1,0,0,26.55,1,0.0,51.0,0,0
859,1,3,0,3,19.2583,0,1.0,24.0,0,3
860,0,3,0,0,7.2292,1,1.0,25.0,1,0
861,0,3,2,0,14.1083,1,0.0,41.0,0,2
862,0,2,1,0,11.5,1,0.0,21.0,0,1
863,1,1,0,0,25.9292,0,0.0,48.0,0,0
864,0,3,8,2,69.55,0,0.0,21.5,1,10
865,0,2,0,0,13.0,1,0.0,24.0,0,0
866,1,2,0,0,13.0,0,0.0,42.0,0,0
867,1,2,1,0,13.8583,0,1.0,27.0,0,1
868,0,1,0,0,50.4958,1,0.0,31.0,0,0
869,0,3,0,0,9.5,1,0.0,25.0,1,0
870,1,3,1,1,11.1333,1,0.0,4.0,0,2
871,0,3,0,0,7.8958,1,0.0,26.0,0,0
872,1,1,1,1,52.5542,0,0.0,47.0,0,2
873,0,1,0,0,5.0,1,0.0,33.0,0,0
874,0,3,0,0,9.0,1,0.0,47.0,0,0
875,1,2,1,0,24.0,0,1.0,28.0,0,1
876,1,3,0,0,7.225,0,1.0,15.0,0,0
877,0,3,0,0,9.8458,1,0.0,20.0,0,0
878,0,3,0,0,7.8958,1,0.0,19.0,0,0
879,0,3,0,0,7.8958,1,0.0,25.0,1,0
880,1,1,0,1,83.1583,0,1.0,56.0,0,1
881,1,2,0,1,26.0,0,0.0,25.0,0,1
882,0,3,0,0,7.8958,1,0.0,33.0,0,0
883,0,3,0,0,10.5167,0,0.0,22.0,0,0
884,0,2,0,0,10.5,1,0.0,28.0,0,0
885,0,3,0,0,7.05,1,0.0,25.0,0,0
886,0,3,0,5,29.125,0,2.0,39.0,0,5
887,0,2,0,0,13.0,1,0.0,27.0,0,0
888,1,1,0,0,30.0,0,0.0,19.0,0,0
889,0,3,1,2,23.45,0,0.0,21.5,1,3
890,1,1,0,0,30.0,1,1.0,26.0,0,0
891,0,3,0,0,7.75,1,2.0,32.0,0,0
